-- ----------------------------
-- 清空四张表记录（保留表结构）
-- ----------------------------
DELETE FROM sys_uav_result;
DELETE FROM sys_uav_task;
DELETE FROM sys_uav_route;
DELETE FROM sys_uav_equipment;

-- 重置自增ID（可选，从1开始）
ALTER TABLE sys_uav_equipment AUTO_INCREMENT = 1;
ALTER TABLE sys_uav_route AUTO_INCREMENT = 1;
ALTER TABLE sys_uav_task AUTO_INCREMENT = 1;
ALTER TABLE sys_uav_result AUTO_INCREMENT = 1;

-- ----------------------------
-- 扩展字段（如已存在请忽略执行报错）
-- ----------------------------
ALTER TABLE sys_uav_equipment ADD COLUMN camera_params varchar(255) NULL COMMENT '摄像头参数';
ALTER TABLE sys_uav_equipment ADD COLUMN owner varchar(64) NULL COMMENT '归属人';
ALTER TABLE sys_uav_task ADD COLUMN task_description varchar(500) NULL COMMENT '任务描述';
ALTER TABLE sys_uav_task ADD COLUMN status_history text NULL COMMENT '状态变更记录';
ALTER TABLE sys_uav_result ADD COLUMN patrol_duration bigint NULL COMMENT '巡防时长(分钟)';
ALTER TABLE sys_uav_result ADD COLUMN completed_time datetime NULL COMMENT '完成时间';
ALTER TABLE sys_uav_result ADD COLUMN route_points longtext NULL COMMENT '航线点位快照';

-- ----------------------------
-- 1. 无人机设备表 (20条)
-- ----------------------------
INSERT INTO sys_uav_equipment (equipment_code, equipment_name, equipment_model, flight_duration, status, create_by, create_time, update_by, update_time, remark) VALUES
('UAV001', '精灵4RTK', 'DJI Phantom 4 RTK', 38, '0', 'admin', '2026-01-10 10:00:00', 'admin', '2026-04-18 09:00:00', '高精度测绘无人机'),
('UAV002', '经纬M300', 'DJI Matrice 300', 55, '3', 'admin', '2026-01-15 11:00:00', 'admin', '2026-04-20 08:30:00', '工业级旗舰机'),
('UAV003', '御2行业版', 'DJI Mavic 2 Enterprise', 31, '0', 'admin', '2026-01-20 09:30:00', 'admin', '2026-04-19 14:20:00', '便携式巡检'),
('UAV004', 'Mavic 3E', 'DJI Mavic 3 Enterprise', 45, '0', 'admin', '2026-02-01 10:15:00', 'admin', '2026-04-21 11:00:00', '机械快门版'),
('UAV005', '大疆机场', 'DJI Dock', 28, '1', 'admin', '2026-02-10 14:00:00', 'admin', '2026-04-15 09:00:00', '需维修电池'),
('UAV006', 'Autel Evo II', 'Autel Evo II Pro', 40, '0', 'admin', '2026-02-18 15:30:00', 'admin', '2026-04-22 16:20:00', '6K高清'),
('UAV007', '道通EVO Lite', 'Autel EVO Lite+', 40, '2', 'admin', '2026-02-20 08:45:00', 'admin', '2026-03-10 10:00:00', '已报废'),
('UAV008', 'FlyCart 30', 'DJI FlyCart 30', 20, '0', 'admin', '2026-03-01 09:20:00', 'admin', '2026-04-23 13:40:00', '运载机'),
('UAV009', '精灵4多光谱', 'DJI Phantom 4 Multispectral', 27, '0', 'admin', '2026-03-05 11:10:00', 'admin', '2026-04-20 15:10:00', '农业监测'),
('UAV010', 'Avata 2', 'DJI Avata 2', 18, '0', 'admin', '2026-03-12 13:50:00', 'admin', '2026-04-24 09:50:00', '穿越机'),
('UAV011', 'Mini 4 Pro', 'DJI Mini 4 Pro', 34, '0', 'admin', '2026-03-18 10:00:00', 'admin', '2026-04-19 11:30:00', '轻小便携'),
('UAV012', 'Inspire 3', 'DJI Inspire 3', 28, '1', 'admin', '2026-03-20 14:20:00', 'admin', '2026-04-10 08:00:00', '云台故障'),
('UAV013', 'M30T', 'DJI M30T', 41, '0', 'admin', '2026-03-25 16:30:00', 'admin', '2026-04-25 10:20:00', '热成像版'),
('UAV014', 'Mavic 2 Zoom', 'DJI Mavic 2 Zoom', 31, '0', 'admin', '2026-03-28 09:00:00', 'admin', '2026-04-18 17:00:00', '变焦相机'),
('UAV015', 'H20T挂载', 'DJI H20T', 50, '3', 'admin', '2026-04-01 11:45:00', 'admin', '2026-04-22 14:30:00', '任务执行中'),
('UAV016', 'Matrice 350', 'DJI Matrice 350 RTK', 55, '0', 'admin', '2026-04-02 13:00:00', 'admin', '2026-04-23 09:15:00', '新一代旗舰'),
('UAV017', 'Mini 3', 'DJI Mini 3', 38, '0', 'admin', '2026-04-05 08:20:00', 'admin', '2026-04-21 16:40:00', '入门级'),
('UAV018', 'Air 2S', 'DJI Air 2S', 31, '2', 'admin', '2026-04-08 15:50:00', 'admin', '2026-04-12 10:00:00', '已报废'),
('UAV019', 'FPV', 'DJI FPV', 20, '0', 'admin', '2026-04-10 09:35:00', 'admin', '2026-04-24 11:10:00', '竞速机'),
('UAV020', 'Neo', 'DJI Neo', 15, '0', 'admin', '2026-04-12 14:15:00', 'admin', '2026-04-25 08:50:00', '自拍无人机');

-- ----------------------------
-- 2. 巡航航线表 (20条，route_points 格式为 [[lng,lat],[lng,lat],...])
-- ----------------------------
INSERT INTO sys_uav_route (route_name, estimated_time, flight_altitude, route_points, create_by, create_time, update_by, update_time, remark) VALUES
('环湖1号航线', 25, 120.00, '[[116.391042,39.922081],[116.533125,39.922865],[116.535169,39.841289],[116.385931,39.840505],[116.38542,39.922081],[116.399219,39.922081]]', 'admin', '2026-01-05 10:00:00', 'admin', '2026-03-01 09:00:00', '湖泊巡检，6个航点'),
('东区高压线A线', 40, 80.00, '[[116.400000,39.910000],[116.420000,39.915000],[116.440000,39.912000],[116.450000,39.920000],[116.430000,39.925000],[116.410000,39.918000]]', 'admin', '2026-01-12 11:30:00', 'admin', '2026-03-05 10:20:00', '电力巡检，6个航点'),
('西区农田B线', 30, 100.00, '[[116.350000,39.880000],[116.370000,39.885000],[116.390000,39.882000],[116.400000,39.890000],[116.380000,39.895000],[116.360000,39.888000]]', 'admin', '2026-01-18 09:15:00', 'admin', '2026-03-10 14:00:00', '农业监测，6个航点'),
('北区海岸线C线', 50, 150.00, '[[116.500000,39.950000],[116.520000,39.955000],[116.540000,39.952000],[116.550000,39.960000],[116.530000,39.965000],[116.510000,39.958000]]', 'admin', '2026-02-01 14:00:00', 'admin', '2026-03-12 11:30:00', '海岸巡查，6个航点'),
('南区建筑群D线', 22, 130.00, '[[116.380000,39.830000],[116.400000,39.835000],[116.420000,39.832000],[116.430000,39.840000],[116.410000,39.845000],[116.390000,39.838000]]', 'admin', '2026-02-10 10:45:00', 'admin', '2026-03-15 09:50:00', '违建监测，6个航点'),
('河道巡检A线', 35, 60.00, '[[116.420000,39.900000],[116.440000,39.905000],[116.460000,39.902000],[116.470000,39.910000],[116.450000,39.915000],[116.430000,39.908000]]', 'admin', '2026-02-15 13:20:00', 'admin', '2026-03-18 15:10:00', '排污口排查，6个航点'),
('山林防火1号', 45, 200.00, '[[116.550000,39.980000],[116.570000,39.985000],[116.590000,39.982000],[116.600000,39.990000],[116.580000,39.995000],[116.560000,39.988000]]', 'admin', '2026-02-20 16:00:00', 'admin', '2026-03-20 08:40:00', '热成像识别，6个航点'),
('水库大坝线', 28, 90.00, '[[116.450000,39.860000],[116.470000,39.865000],[116.490000,39.862000],[116.500000,39.870000],[116.480000,39.875000],[116.460000,39.868000]]', 'admin', '2026-02-25 09:30:00', 'admin', '2026-03-22 10:10:00', '坝体巡检，6个航点'),
('工业园区E线', 38, 110.00, '[[116.410000,39.850000],[116.430000,39.855000],[116.450000,39.852000],[116.460000,39.860000],[116.440000,39.865000],[116.420000,39.858000]]', 'admin', '2026-03-01 11:00:00', 'admin', '2026-03-25 13:30:00', '废气排放监测，6个航点'),
('野生动物走廊', 60, 180.00, '[[116.600000,40.000000],[116.620000,40.005000],[116.640000,40.002000],[116.650000,40.010000],[116.630000,40.015000],[116.610000,40.008000]]', 'admin', '2026-03-05 14:50:00', 'admin', '2026-03-28 09:00:00', '生态监测，6个航点'),
('城市风貌线', 33, 140.00, '[[116.390000,39.920000],[116.410000,39.925000],[116.430000,39.922000],[116.440000,39.930000],[116.420000,39.935000],[116.400000,39.928000]]', 'admin', '2026-03-10 08:10:00', 'admin', '2026-03-30 16:20:00', '宣传拍摄，6个航点'),
('港口物流区F线', 42, 70.00, '[[116.470000,39.930000],[116.490000,39.935000],[116.510000,39.932000],[116.520000,39.940000],[116.500000,39.945000],[116.480000,39.938000]]', 'admin', '2026-03-12 10:40:00', 'admin', '2026-04-01 14:10:00', '车辆监管，6个航点'),
('应急通道线', 20, 50.00, '[[116.370000,39.890000],[116.390000,39.895000],[116.410000,39.892000],[116.420000,39.900000],[116.400000,39.905000],[116.380000,39.898000]]', 'admin', '2026-03-15 13:15:00', 'admin', '2026-04-02 11:30:00', '快速响应，6个航点'),
('考古遗址区G线', 48, 85.00, '[[116.340000,39.870000],[116.360000,39.875000],[116.380000,39.872000],[116.390000,39.880000],[116.370000,39.885000],[116.350000,39.878000]]', 'admin', '2026-03-18 15:45:00', 'admin', '2026-04-05 09:45:00', '遗址保护，6个航点'),
('风电巡检H线', 55, 250.00, '[[116.650000,40.020000],[116.670000,40.025000],[116.690000,40.022000],[116.700000,40.030000],[116.680000,40.035000],[116.660000,40.028000]]', 'admin', '2026-03-20 09:25:00', 'admin', '2026-04-06 10:20:00', '叶片检查，6个航点'),
('油气管线I线', 44, 65.00, '[[116.440000,39.940000],[116.460000,39.945000],[116.480000,39.942000],[116.490000,39.950000],[116.470000,39.955000],[116.450000,39.948000]]', 'admin', '2026-03-22 11:50:00', 'admin', '2026-04-08 08:30:00', '泄漏巡查，6个航点'),
('高铁沿线J线', 52, 120.00, '[[116.480000,39.960000],[116.500000,39.965000],[116.520000,39.962000],[116.530000,39.970000],[116.510000,39.975000],[116.490000,39.968000]]', 'admin', '2026-03-25 14:20:00', 'admin', '2026-04-09 13:00:00', '异物排查，6个航点'),
('自然保护区K线', 58, 160.00, '[[116.580000,39.990000],[116.600000,39.995000],[116.620000,39.992000],[116.630000,40.000000],[116.610000,40.005000],[116.590000,39.998000]]', 'admin', '2026-03-28 16:10:00', 'admin', '2026-04-10 15:15:00', '禁止飞行区，6个航点'),
('城区早高峰L线', 27, 95.00, '[[116.400000,39.910000],[116.420000,39.915000],[116.440000,39.912000],[116.450000,39.920000],[116.430000,39.925000],[116.410000,39.918000]]', 'admin', '2026-04-01 07:30:00', 'admin', '2026-04-11 08:00:00', '交通监测，6个航点'),
('夜航测试线', 32, 110.00, '[[116.395000,39.915000],[116.415000,39.920000],[116.435000,39.917000],[116.445000,39.925000],[116.425000,39.930000],[116.405000,39.923000]]', 'admin', '2026-04-03 19:00:00', 'admin', '2026-04-12 20:30:00', '夜间照明测试，6个航点');

-- ----------------------------
-- 3. 巡航任务表 (20条，start_time 在 2026-04-20 ~ 2026-04-25)
-- ----------------------------
INSERT INTO sys_uav_task (task_name, equipment_id, route_id, executor, task_status, progress, start_time, end_time, create_by, create_time, update_by, update_time, remark) VALUES
('环湖巡检任务', 1, 1, '张明', '2', 100, '2026-04-20 08:00:00', '2026-04-20 08:35:00', 'admin', '2026-04-19 09:00:00', 'admin', '2026-04-20 08:40:00', '完成'),
('东区高压线巡检', 2, 2, '李芳', '2', 100, '2026-04-20 10:15:00', '2026-04-20 11:05:00', 'admin', '2026-04-20 08:30:00', 'admin', '2026-04-20 11:10:00', '完成'),
('西区农田监测', 3, 3, '王强', '2', 100, '2026-04-20 14:30:00', '2026-04-20 15:10:00', 'admin', '2026-04-20 10:00:00', 'admin', '2026-04-20 15:15:00', '完成'),
('北区海岸巡查', 4, 4, '赵丽', '1', 78, '2026-04-21 09:00:00', NULL, 'admin', '2026-04-20 14:00:00', 'admin', '2026-04-21 09:30:00', '执行中'),
('南区建筑群', 6, 5, '孙阳', '2', 100, '2026-04-21 13:20:00', '2026-04-21 13:55:00', 'admin', '2026-04-21 08:00:00', 'admin', '2026-04-21 14:00:00', '完成'),
('河道排污排查', 8, 6, '周梅', '0', 0, NULL, NULL, 'admin', '2026-04-21 15:30:00', 'admin', '2026-04-21 15:30:00', '待执行'),
('山林防火', 9, 7, '吴迪', '3', 0, NULL, NULL, 'admin', '2026-04-22 07:00:00', 'admin', '2026-04-22 08:00:00', '已取消'),
('水库大坝线', 11, 8, '郑爽', '2', 100, '2026-04-22 10:00:00', '2026-04-22 10:40:00', 'admin', '2026-04-21 16:00:00', 'admin', '2026-04-22 10:45:00', '完成'),
('工业园区监测', 13, 9, '林晨', '1', 45, '2026-04-22 14:15:00', NULL, 'admin', '2026-04-22 09:20:00', 'admin', '2026-04-22 14:30:00', '执行中'),
('野生动物走廊', 15, 10, '郭峰', '2', 100, '2026-04-23 07:30:00', '2026-04-23 08:50:00', 'admin', '2026-04-22 10:00:00', 'admin', '2026-04-23 09:00:00', '完成'),
('城市风貌航拍', 16, 11, '唐雅', '2', 100, '2026-04-23 11:00:00', '2026-04-23 11:45:00', 'admin', '2026-04-22 14:00:00', 'admin', '2026-04-23 11:50:00', '完成'),
('港口物流区', 1, 12, '张明', '1', 60, '2026-04-23 15:40:00', NULL, 'admin', '2026-04-23 08:00:00', 'admin', '2026-04-23 15:55:00', '执行中'),
('应急通道测试', 3, 13, '王强', '2', 100, '2026-04-24 08:20:00', '2026-04-24 08:45:00', 'admin', '2026-04-23 11:00:00', 'admin', '2026-04-24 08:50:00', '完成'),
('考古遗址巡查', 4, 14, '赵丽', '0', 0, NULL, NULL, 'admin', '2026-04-24 09:30:00', 'admin', '2026-04-24 09:30:00', '待执行'),
('风电叶片检查', 6, 15, '孙阳', '0', 0, NULL, NULL, 'admin', '2026-04-24 13:00:00', 'admin', '2026-04-24 13:00:00', '待执行'),
('油气管线', 8, 16, '周梅', '2', 100, '2026-04-24 15:00:00', '2026-04-24 15:55:00', 'admin', '2026-04-24 10:00:00', 'admin', '2026-04-24 16:00:00', '完成'),
('高铁沿线排查', 9, 17, '吴迪', '1', 30, '2026-04-25 09:10:00', NULL, 'admin', '2026-04-24 14:00:00', 'admin', '2026-04-25 09:20:00', '执行中'),
('自然保护区禁飞', 11, 18, '郑爽', '3', 0, NULL, NULL, 'admin', '2026-04-25 11:30:00', 'admin', '2026-04-25 10:00:00', '因天气取消'),
('城区早高峰', 13, 19, '林晨', '0', 0, NULL, NULL, 'admin', '2026-04-25 07:00:00', 'admin', '2026-04-25 07:00:00', '待执行'),
('夜航测试', 16, 20, '郭峰', '1', 15, '2026-04-25 19:00:00', NULL, 'admin', '2026-04-25 15:00:00', 'admin', '2026-04-25 19:10:00', '执行中');

-- ----------------------------
-- 4. 巡航结果表 (20条)
-- ----------------------------
INSERT INTO sys_uav_result (result_code, task_id, task_name, equipment_name, route_name, executor, overview, findings, handling_info, ai_image_url, create_by, create_time, update_by, update_time, remark) VALUES
('RES20260420001', 1, '环湖巡检任务', '精灵4RTK', '环湖1号航线', '张明', '环湖一周，湖面清洁无异常', '发现一处非法钓鱼', '已劝离并记录', '/ai/20260420/lake_fishing.jpg', 'admin', '2026-04-20 09:00:00', 'admin', '2026-04-20 09:00:00', '正常完成'),
('RES20260420002', 2, '东区高压线巡检', '经纬M300', '东区高压线A线', '李芳', '高压线塔外观正常无飘挂物', '绝缘子轻微污秽', '计划下次清洗', '/ai/20260420/insulator.jpg', 'admin', '2026-04-20 11:30:00', 'admin', '2026-04-20 11:30:00', '完成'),
('RES20260420003', 3, '西区农田监测', '御2行业版', '西区农田B线', '王强', '小麦长势良好墒情正常', '局部有病虫害迹象', '已通知农户', '/ai/20260420/pests.jpg', 'admin', '2026-04-20 15:30:00', 'admin', '2026-04-20 15:30:00', '完成'),
('RES20260421001', 5, '南区建筑群', 'Autel Evo II', '南区建筑群D线', '孙阳', '无新增违建工地覆盖达标', '一处围挡破损', '已上报城管', '/ai/20260421/broken_fence.jpg', 'admin', '2026-04-21 14:30:00', 'admin', '2026-04-21 14:30:00', '完成'),
('RES20260422001', 8, '水库大坝线', 'Mini 4 Pro', '水库大坝线', '郑爽', '坝体无裂缝水位正常', '泄洪道有少量垃圾', '已通知清理', '/ai/20260422/dam_trash.jpg', 'admin', '2026-04-22 11:00:00', 'admin', '2026-04-22 11:00:00', '完成'),
('RES20260423001', 10, '野生动物走廊', 'H20T挂载', '野生动物走廊', '郭峰', '发现鹿群活动栖息地良好', '无盗猎痕迹', '持续观察', '/ai/20260423/deer.jpg', 'admin', '2026-04-23 09:30:00', 'admin', '2026-04-23 09:30:00', '完成'),
('RES20260423002', 11, '城市风貌航拍', 'Matrice 350', '城市风貌线', '唐雅', '城市景观美丽交通秩序良好', '部分路段拥堵', '已同步交通部门', '/ai/20260423/traffic.jpg', 'admin', '2026-04-23 12:00:00', 'admin', '2026-04-23 12:00:00', '完成'),
('RES20260424001', 13, '应急通道测试', '御2行业版', '应急通道线', '王强', '应急通道畅通标识清晰', '无占用情况', '无需处理', '/ai/20260424/emergency.jpg', 'admin', '2026-04-24 09:00:00', 'admin', '2026-04-24 09:00:00', '完成'),
('RES20260424002', 16, '油气管线', 'FlyCart 30', '油气管线I线', '周梅', '管线区域无泄漏安全阀正常', '一处警示牌歪斜', '已扶正固定', '/ai/20260424/pipeline.jpg', 'admin', '2026-04-24 16:30:00', 'admin', '2026-04-24 16:30:00', '完成'),
('RES20260425001', 4, '北区海岸巡查', 'Mavic 3E', '北区海岸线C线', '赵丽', '海岸线巡查中未完成', '发现部分垃圾带', '已记录位置待清理', '/ai/20260425/coast_garbage.jpg', 'admin', '2026-04-21 10:00:00', 'admin', '2026-04-21 10:00:00', '执行中'),
('RES20260425002', 9, '工业园区监测', 'M30T', '工业园区E线', '林晨', '监测未完成实时数据已传', '一处疑似烟雾排放', '已通知环保部门', '/ai/20260425/smoke.jpg', 'admin', '2026-04-22 15:00:00', 'admin', '2026-04-22 15:00:00', '执行中'),
('RES20260425003', 12, '港口物流区', '精灵4RTK', '港口物流区F线', '张明', '执行中未结束车辆识别正常', '多辆货车违停', '已上报交警', '/ai/20260425/truck.jpg', 'admin', '2026-04-23 16:30:00', 'admin', '2026-04-23 16:30:00', '执行中'),
('RES20260425004', 17, '高铁沿线排查', '大疆机场', '高铁沿线J线', '吴迪', '排查未完成已发现异物', '接触网上有塑料膜', '紧急调度清理', '/ai/20260425/plastic.jpg', 'admin', '2026-04-25 10:00:00', 'admin', '2026-04-25 10:00:00', '执行中'),
('RES20260425005', 20, '夜航测试', 'Matrice 350', '夜航测试线', '郭峰', '测试中图像清晰照明良好', '无特殊发现', '继续测试', '/ai/20260425/night.jpg', 'admin', '2026-04-25 19:30:00', 'admin', '2026-04-25 19:30:00', '执行中'),
('RES20260420004', 6, '河道排污排查', 'FlyCart 30', '河道巡检A线', '周梅', '任务未执行', NULL, NULL, NULL, 'admin', '2026-04-21 16:00:00', 'admin', '2026-04-21 16:00:00', '待执行'),
('RES20260420005', 7, '山林防火', '精灵4多光谱', '山林防火1号', '吴迪', '任务已取消', NULL, NULL, NULL, 'admin', '2026-04-22 08:30:00', 'admin', '2026-04-22 08:30:00', '已取消'),
('RES20260425006', 14, '考古遗址巡查', 'Mavic 3E', '考古遗址区G线', '赵丽', '未开始', NULL, NULL, NULL, 'admin', '2026-04-24 10:00:00', 'admin', '2026-04-24 10:00:00', '待执行'),
('RES20260425007', 15, '风电叶片检查', 'Autel Evo II', '风电巡检H线', '孙阳', '未开始', NULL, NULL, NULL, 'admin', '2026-04-24 14:00:00', 'admin', '2026-04-24 14:00:00', '待执行'),
('RES20260425008', 18, '自然保护区禁飞', 'Mini 4 Pro', '自然保护区K线', '郑爽', '已取消', NULL, NULL, NULL, 'admin', '2026-04-25 10:30:00', 'admin', '2026-04-25 10:30:00', '因天气取消'),
('RES20260425009', 19, '城区早高峰', 'M30T', '城区早高峰L线', '林晨', '待执行', NULL, NULL, NULL, 'admin', '2026-04-25 07:30:00', 'admin', '2026-04-25 07:30:00', '未开始');
